=====================================
=  Slovakia


ŠK Slovan Bratislava, Bratislava
   | Slov. Bratisl. | Sl. Bratislava | Slovan Bratislava | SK Slovan Bratislava

FK Inter Bratislava, 1940,  Bratislava
   | Inter Bratislava

FC Petržalka,  1898,  Bratislava
  | FC Petržalka 1898
  | Petrzalka Akademia
# 2010 – Renamed FC Petržalka 1898
# 2014 – Bankruptcy - renamed FC Petržalka akadémia
# 2017 – Renamed FC Petržalka

FC Spartak Trnava, 1923, Trnava
  | Spartak Trnava
  | Spartak TAZ Trnava
## Spartak TAZ Trnava (1967–88)


MŠK Žilina
  | Žilina

FK Senica
  | Senica


MFK Košice (1952-2017),   Košice
  | Košice
  | 1. FC Košice
  | FC VSS Košice
# note: Not to be confused with FK Košice.
# name history:
#   1. FC	Košice 1992–04
#   MFK	Košice 2005–15
#   FC VSS Košice	2015–17

FC Lokomotíva Košice, 1946,  Košice
  | FK Lokomotiva Košice


Dukla Banská Bystrica
  | Banská Bystrica
FC Nitra
  | Nitra
MFK Petržalka

AS Trenčín
  | Trenčín
  | FK AS Trenčín

FC DAC 1904 Dunajská Streda
  | Dunajská Streda
MFK Ružomberok
  | Ružomberok
TJ Spartak Myjava
  | Spartak Myjava

FC ViOn Zlaté Moravce
  | Zlaté Moravce

SK Sered
  | Sered
TJ Sokol Dolná Zdana
  | Sokol Dolná Zdana
MFK Zemplín Michalovce
  | Michalovce

FK Poprad, 1906, Poprad


MŠK Púchov, 1920,  Púchov 
  | Mestský Športový Klub Púchov
  | FK Matador Púchov 
# In July 2006, lost its main sponsor, Matador a.s., 
#  and was renamed FK Púchov
#  name history:
#   2003 – FK Matador Púchov
#   2007 – FK Púchov
#   2015 – MŠK Púchov


1. FC Tatran Prešov,  1898, Prešov


FC Senec (1994-2008), Senec
# in 2007/2008 season merged with FK DAC 1904 Dunajská Streda.


