==========================
=   Denmark


== Hovedstaden ==
FC København, 1992,    København         ## Copenhagen [en]
  | København | Football Club København
  | FC Copenhagen [en]
  | FC Kopenhagen [de]

B 1903 København (1903-1992),     København      # champs (3): 1977/78 1972..1970 (2)
  | B 1903 | Boldklubben 1903
## In 1992 merged with Kjøbenhavns Boldklub (KB)
##    to form the current club FC Copenhagen

KB København (1876-1992),     København    # champs (4): 1981/82 1975/76 1969/70 1958/59
  | KB | Kjøbenhavns BK | Kjøbenhavns Boldklub
  | Kjöbenhavns Boldklub
# In 1991, KB and B 1903 merged their professional football teams
#  and formed FC Copenhagen

B93 København, 1893,  København (Østerbro)
  | B.93 | Boldklubben 1893


BK Fremad Amager,    København
  | Fremad Amager
Brønshøj BK,         København
  | Brønshøj Boldklub
  | Brönshöj BK [de]
B 1908 Amager,       København
  | B.1908 | Boldklubben 1908
Vanløse IF,          København
  | Vanlöse IF [de]

BK Frem, 1886  København (Valby-Sydhavnen)
  | Boldklubben Frem
  | Frem København | BK Frem København
  | BK Frem Copenhagen


Akademisk Boldklub,  Gladsaxe   # north of Copenhagen
  | AB Gladsaxe |  Akademisk Boldklub Gladsaxe
  | Akademisk BK
  | AB København

Brøndby IF, 1964,    Brøndbyvester       ## use Brøndby ??
  | Brøndby | Brøndbyernes Idrætsforening

FC Nordsjælland, 1991,  Farum
  | Nordsjælland | Football Club Nordsjælland

FC Helsingør, 2005,  Helsingør
 | Helsingør

Lyngby BK, 1921, Lyngby
  | Lyngby | Lyngby Boldklub


== Nordjylland ==
Aalborg BK, 1885,    Aalborg
  | AaB | Aalborg | AaB Aalborg
  | Aalborg Boldspilklub

Hobro IK, 1913,     Hobro
  | Hobro | Hobro Idræts Klub

Vendsyssel FF, Hjørring
  | Vendsyssel


== Midtjylland ==
FC Midtjylland, 1999,   Herning
  | Midtjylland | Football Club Midtjylland

Ikast FS (1935-1999),  Ikast
  | IFS | Ikast Forenede Sportsklubber
# In 1999 merged with Herning Fremad to found FC Midtjylland.


AGF Aarhus, 1880,   Aarhus
  | AGF | Aarhus
  | Aarhus GF | Aarhus Gymnastikforening

Viborg FF, 1896,    Viborg
  | Viborg | Viborg Fodsports Forening

AC Horsens,   Horsens
  | Horsens

Silkeborg IF, 1917,  Silkeborg
  | Silkeborg | SIF | Silkeborg Idrætsforening


== Østjylland ==
Randers FC, 2003,   Randers
  | Randers | Randers Football Club

Randers Freja,   Randers
  | Randers Sportsklub Freja
# In 2003 merged with five other local football clubs to form Randers FC.


== Syddanmark ==
Sønderjysk Elitesport, 2004,   Haderslev
  | SønderjyskE | SønderjyskE Fodbold

Odense BK, 1887,      Odense
  | OB | Odense | Odense Boldklub
  | OB Odense

B 1909 Odense, Odense    # champs (3): 1966..1964 (2) 1959/60
  | B 1909 | Boldklubben 1909
B 1913 Odense, Odense    # champs (1): 1961/62
  | B 1913 | Boldklubben 1913

Esbjerg fB, 1924,    Esbjerg
  | Esbjerg | Esbjerg forenede Boldklubber

Vejle, 1891, Vejle
  | Vejle BK | Vejle Boldklub


== Sjælland ==
FC Vestsjælland,  Slagelse
  | Vestsjælland


== ?? ==

HB Køge, 2009,             Køge (Herfølge)
  | HB Köge [de]

Herfølge BK (1921-2009),   Køge (Herfølge)
  | Herfølge Boldklub
# In 2009 merged its professional football
#    with Køge BK to form HB Køge

Køge BK (1927-2009),     Køge     # in Zealand
  | Køge Boldklub    # champs (1): 1976/77
# In March 2009 the first team merged
#    with Herfølge Boldklub to form HB Køge.

Holbæk B&I, 1931,     Holbæk   # on Zealand
  | Holbæk Bold- & Idrætsforening


FC Fredericia,  Fredericia
Skive IK,       Skive
Kolding IF,     Kolding
FC Roskilde,    Roskilde
Hvidovre IF,    Hvidovre
Nykøbing FC,    Nykøbing Falster
  | Nyköbing FC [de]
Næstved BK,     Næstved
  | Næstved IF

Hillerød Fodbold,   Hillerød
  | Hilleröd Fodbold [de]
Middelfart BK,       Middelfart
  | Middelfart G&BK
Varde IF,       Varde
Thisted FC,     Thisted
Viby IF,       Viby
Hellerup IK,   Hellerup
  | HIK | HIK Hellerup

B 1901 Nykøbing (1901-1994),  Nykøbing Falster
  | B1901 Nyköbing
