################################
#
# Ligue 1
#
# see en.wikipedia.org/wiki/Ligue_1
#     fr.wikipedia.org/wiki/Championnat_de_France_de_football
#
#   20 teams
#
# official -> lfp.fr/ligue1 (french) / ligue1.com (english)
#
# two/three letter codes from -> en.wikipedia.org/wiki/2012-13_Ligue_1
#   fix: use letter codes from ligue1 (wikipedia letters are not common)

paris,        Paris St. Germain|Paris S.Germai|Paris Saint Germain|Paris Saint-Germain, PSG,  city:paris
montpellier,  HSC Montpellier|Montpellier|Montpellier Hérault SC,  MHS,     city:montpellier
lille,        OSC Lille|Lille OSC|LOSC Lille,    LIL,         city:lille
marseille,    Marseille|Olympique Marseille|Olympique de Marseille,  OM,   city:marseille

lyon,         Lyon|Olympique Lyonnais,  OL, city:lyon
bordeaux,     Bordeaux|Girondins de Bordeaux|FC Girondins de Bordeaux|Football Club des Girondins de Bordeaux, BOR, city:bordeaux
nice,         OGC Nice|Olympique Gymnaste Club Nice Côte d'Azur,  NIC,    city:nice
rennes,       Stade Rennais FC|Stade Rennais Football Club, REN, city:rennes
lorient,      FC Lorient,  LOR,  city:lorient
valenciennes, Valenciennes FC,  VAL,  city:valenciennes
saintetienne, AS Saint-Étienne|Association Sportive de Saint-Étienne Loire, STE, city:saintetienne
toulouse,     Toulouse FC,  TFC,  city:toulouse
bastia,       SC Bastia|Sporting Club de Bastia,  BAS,   city:bastia
brest,        Stade Brestois|Stade Brestois 29,  BRS,  city:brest
sochaux,      FC Sochaux-Montbéliard|Football Club Sochaux-Montbéliard, SOC, city:sochaux
ajaccio,      AC Ajaccio|Athletic Club Ajaccio,   ACA,  city:ajaccio
evian,        Évian TG|Évian TG FC|Évian Thonon Gaillard FC,  EVI, city:thononlesbains
reims,        Stade de Reims|Stade Reims,  REI, city:reims
troyes,       ES Troyes AC|ESTAC Troyes|Espérance Sportive Troyes Aube Champagne, TRO,   city:troyes
nancy,        AS Nancy|AS Nancy-Lorraine|Association Sportive Nancy-Lorraine,  NAL, city:nancy

