===========================
=  China


Beijing Sinobo Guoan,     Beijing
  | Beijing Guoan | Beijing Guoan FC
Beijing Renhe,            Beijing
  | Beijing Renhe FC

Shanghai SIPG,               Shanghai
  | Shanghai SIPG FC | SIPG Shanghai
Shanghai Greenland Shenhua,  Shanghai
  | Shanghai Shenhua | Shenhua Shanghai
Shanghai Shenxin,            Shanghai
  | Shanghai Shen | Shanghai Shenxin FC


Guangzhou Evergrande Taobao,   Guangzhou
  | Guangzhou Ev. | Guangzhou Evg | Guangzhou Evergrande
  | Guangzhou Evergrande Taobao FC
Guangzhou R&F,                 Guangzhou
  | Guangzhou R&F FC

Chongqing Dangdai Lifan,   Chongqing
  | Chongqing Lifan
  | Chongqing Dangdai Lifan FC
  | Chongqing SWM
Changchun Yatai,           Changchun
Dalian Yifang,             Dalian
  | Dalian Yifang FC
  | Dalian Aerbin FC          # note: Dalian Aerbin (2009–2015)
Guizhou Hengfeng,          Guiyang
  | Guizhou Zhicheng
  | Guizhou Hengfeng Zhicheng FC
Hangzhou Greentown,        Hangzhou

Shandong Luneng Taishan,   Jinan
  | Shandong L. | Shandong Lunen | Shandong Luneng
Hebei China Fortune,       Langfang
  | Hebei
  | Hebei Fortune | Hebei China Fortun | Hebei China Fortune FC 
Jiangsu Suning,            Nanjing
  | Jiangsu Suning FC

Shenzhen FC,               Shenzhen
  | Shenzhen

Shijiazhuang Ever Bright,   Shijiazhuang
  | Shijiazhuang

Tianjin Tianhai,            Tianjin
  | Tianjin Songjiang
Tianjin TEDA,               Tianjin
  | Tianjin Teda FC
  | FC Tianjin Taida
Tianjin Quanjian,           Tianjin


Wuhan Zall,                 Wuhan
Henan Jianye,               Zhengzhou
  | FC Henan Jianye

Liaoning FC,              Shenyang
  | Liaoning

Yanbian Funde,              Yanji
  | Yanbian
Zhejiang Yiteng FC,       Harbin    ## todo check city (from 2014) moved (and renamed)?
  | Zhejiang Yiteng | Harbin Yiteng
