================================
=  Greece


AEK Athens FC,     Athens    ## use!? - Marousi or Maroussi a suburban city in the northeastern part of the Athens agglomeration
  | AEK | AEK Athens
  | AEK Athen [de]
  | PAE AEK
  
Panathinaikos FC,  Athens
  | Panathinaikos
  | Panathinaikos Athens

Apollon Smyrnis FC,  Athens
  | Apollon | Apollon Smyrnis
  | Apollon Athens FC

Atromitos FC,      Athens    ## use!? - Peristeri a suburban municipality in the northwestern part of the Athens agglomeration
  | Atromitos
  | Atromitos Athen [de]
Panionios GSS,     Athens    ## use!? - Nea Smyrni a municipality and a southern suburb of Athens
  | Panionios
  | Panionios Athen [de]
APO Akratitos,      Athens        ## Ano Liosia, Athens
  | Akratitos
Athinaikos AS FC,   Athens
  | Athinaikos

Chalkidona FC, Athens   ## Nikaia - a suburb in the western part of the Athens agglomeration
  | Chalkidona
Egaleo FC, Athens   ## Egaleo - a suburb of Athens
  | Egaleo
  | AO Aigaleo

Ethnikos Asteras FC, Athens   ## Kaisariani - a suburban town and a municipality in the eastern part of the Athens agglomeration
  | Ethnikos Asteras | Eth Asteras

Kallithea FC, Kallithea   ## Kallithea - the 4th biggest in the Athens urban area
  | Kalithea | Kallithea
Thrasyvoulos FC,  Fyli  ##  a town and a municipality in the northwestern part of Attica; a suburb of Athens
  | Thrasyvoulos

Panelefsiniakos FC, Elefsina › Attica
  | Eleysina

Proodeftiki FC, Nikaia › Attica
  | Proodeftiki | Proodeytiki
Ionikos FC, Nikaia › Attica   ## Athens Nikaia - a suburb in the western part of the Athens agglomeration
  | Ionikos
  | Ionikos Nikea

Olympiacos Piraeus FC,  Piraeus › Attica
  | Olympiacos | Olympiacos Piraeus | Olympiacos FC
  | Olympiakos | Olympiakos Piräus | Olympiakos P.
Ethnikos Piraeus FC,    Piraeus › Attica
  | Ethnikos Piraeus | Ethnikos


PAOK FC,              Thessaloniki › Central Macedonia
  | PAOK | PAOK Thessal. | PAOK Thessaloniki
  | PAOK Saloniki
  | PAOK Thessaloniki FC
Aris Thessaloniki FC, Thessaloniki › Central Macedonia
  | Aris | Aris Thessaloniki
  | Aris Saloniki
Iraklis 1908 Thessaloniki FC, Thessaloniki › Central Macedonia
  | Iraklis | Iraklis FC
  | Iraklis Thessaloniki
  | AEP Iraklis FC
  | Heracles [en]   ## Iraklis = Haracles (engl.)

Apollon Pontou FC, Kalamaria › Central Macedonia    ## Kalamaria, Thessaloniki
  | Kalamaria

Asteras Tripolis FC, Tripoli › Peloponnese
  | Asteras | Asteras Tripolis

Xanthi FC,           Xanthi › Thrace
  | Xanthi
  | Skoda Xanthi FC
Panetolikos GFS,     Agrinio › West Greece
  | Panetolikos
  | Panaitolikos
PAS Giannina FC,     Ioannina › Epirus
  | Giannina | PAS Giannina
  | Yiannina
Levadiakos FC,       Livadeia › Central Greece
  | Levadeiakos | Levadiakos


AE Larissa FC,  1964,     Larissa › Thessaly
  | Larissa | Larissa FC | AE Larissa
  | Larisa | AE Larisa
  | Larisa AEL
  | AEL | Athlitiki Enosi Larissa
  | Athlitiki Enosi Larissa FC
  | AEL Football Club

PAS Lamia 1964,      Lamia › Central Greece
  | Lamia | PAS Lamia | Lamia 1964

Kerkyra FC,          Corfu › Ionian Islands
  | Kerkyra
  | Kerkyra Kassiopi     # club founded in 2013 following a merger between AO Kerkyra and AO Kassiopi.
  | AOK Kerkyra
  | PAE Kerkyra
# name history.
#   1969–2013 (AO Kerkyra)
#   1984–2013 (AO Kassiopi)
#   2013–present (AOK PAE Kerkyra


Doxa Dramas FC, Drama › Macedonia
  | Doxa | Doxa Dramas
Edessaikos FC,  Edessa › Macedonia
  | Edessaikos

Platanias FC,        Chania › Crete     ## use Platanias › Chania  why? why not?
  | Platanias
  | AO Platanias | Athlitikós Ómilos Plataniá Chaníon
PAE Chania,           Chania  › Crete   ## use Mournies › Chania   why? why not?
  | Chania FC

Ergotelis FC, Heraklion › Crete
  | Ergotelis
OFI Crete FC, Heraklion › Crete
  | OFI | OFI Crete
  | OFI Kreta FC [de]
  | OFI Heraklion


Kalamata FC,       Kalamata › Peloponnese
  | Kalamata | Kalamata Football Club
  | PAE PS Kalamata

AEL Kalloni FC, Kalloni › Aegean Islands
  | Kallonis
Kastoria FC, Kastoria › Macedonia
  | Kastoria
Kavala FC, Kavala › Macedonia
  | Kavala

Volos FC, 2017, Volos › Thessaly
  | Volos
  | Volos NFC | Volos Football Club
  | Volos NPS
  | Volos New Football Club
Niki Volou FC, Volos › Thessaly
  | Niki Volou
  | Niki Volos
Olympiacos Volou 1937 FC, Volos › Thessaly
  | Olympiacos Volou | Olympiacos Volou FC
  | Olympiakos Volou
  | Olympiakos Volos

Panachaiki FC, 1891,  Patras › Peloponnese
  | Panahaiki | Panahaiki FC
  | Panachaiki Patras
  | Panachaiki 1891 Football Club
  | Panachaiki GE

Paniliakos FC, Pyrgos › Peloponnese
  | Paniliakos
Panserraikos FC, Serres › Macedonia
  | Panserraikos
Panthrakikos FC, Komotini › Thrace
  | Panthrakikos
  | Panthrakikos Komotini

Trikala FC,       Trikala › Thessaly
  | Trikala
AO Trikala 1963,  Trikala › Thessaly
  | Trikala 1963 FC | AO Trikala 1963 FC    # note:  NOT to be confused with Trikala FC


Veria FC, Veria › Macedonia
  | Veria | Veroia
