==================================
=   Japan

FC Tokyo,             Tokyo
  | Tokyo
Tokyo Verdy,          Tokyo
  | Verdy

Albirex Niigata,      Niigata & Seiro › Niigata
Omiya Ardija,         Omiya › Saitama
Cerezo Osaka,         Osaka › Osaka
  | C-Osaka
Gamba Osaka,           Suita › Osaka
  | G-Osaka
Yokohama F. Marinos, 1972,   Yokohama & Yokosuka › Kanagawa
  | Yokohama | Yokohama M. | Marinos
# in 1999 (re)formed by the merger of Yokohama Marinos and
#   Yokohama Flügels

Yokohama FC,  1999,          Yokohama › Kanagawa

Kawasaki Frontale,     Kawasaki › Kanagawa
  | Kawa Frontale
Nagoya Grampus,        Nagoya › Aichi
  | Nagoya | Grampus

Júbilo Iwata,          Iwata › Shizuoka
  | Iwata
Shimizu S-Pulse,        Shizuoka › Shizuoka
  | Shimizu | S-Pulse
Honda FC,             Hamamatsu › Shizuoka

Urawa Red Diamonds,    Urawa › Saitama
  | Urawa | Urawa RD | Urawa Reds
Kashiwa Reysol,        Kashiwa › Chiba
  | Kashiwa
Sagan Tosu,             Tosu › Saga
Sanfrecce Hiroshima,    Hiroshima › Hiroshima
  | Hiroshima | Sanfrecce | S. Hiroshima | Sanfr. Hiroshima

Vegalta Sendai,       Sendai, Miyagi
Hokkaido Consadole Sapporo,  Sapporo › Hokkaido
  | Sapporo | Consa Sapporo | Consadole Sapporo
  | Hokkaido Consadole
Avispa Fukuoka,       Hakata › Fukuoka
Matsumoto Yamaga,     Matsumoto › Nagano
  | Yamaga | Matsumoto Yamaga FC
Vissel Kobe
  | Kobe
V-Varen Nagasaki

Kashima Antlers       # Southwestern cities/towns of Ibaraki
  | Kashima | Kashima A.

Oita Trinita          # All cities/towns in Oita
  | Oita

Shonan Bellmare       # Southcentral cities/town in Kanagawa
  | Shonan

Ventforet Kofu        # All cities/towns in Yamanashi
  | Kofu

Montedio Yamagata     # All cities/towns in Yamagata

Tokushima Vortis      # All cities/towns in Tokushima
  | Tokushima
