=================================
=  Israel 

Hapoel Tel-Aviv FC
  | H. Tel-Aviv | Hapoel Tel-Aviv
Maccabi Tel-Aviv FC
  | Maccabi Tel Aviv | Macc. Tel Aviv | M. Tel-Aviv
Bnei Yehuda Tel-Aviv FC
  | Bnei Yehuda
Beitar Tel Aviv Bat Yam FC,  Tel Aviv       ## and Bat Yam
  | Beitar Tel Aviv | Beitar Tel Aviv Bat Yam


Maccabi Haifa FC
  | M. Haifa | Maccabi Haifa
Hapoel Haifa FC
  | H. Haifa | Hapoel Haifa

Hapoel Kiryat Shmona FC
  | H. Kiryat Shmona | Hapoel Kiryat Shmona
  | Hapoel Ironi Kiryat Shmona FC
  | Ironi K. Shmona
Maccabi Netanya FC
  | M. Netanya | Maccabi Netanya

Beitar Jerusalem FC
  | Beitar Jerusalem
Hapoel Katamon Jerusalem FC,  Jerusalem
  | Hap. Kat. Jerusalem | Hapoel Katamon Jerusalem

Hapoel Beer-Sheva FC,  1949,   Be'er Sheva
  | H. Beer-Sheva | Hap. Beer-Sheva
  | Hapoel Be'er

FC Ashdod,   1999,   Ashdod
  | Ashdod | FC Ironi Ashdod
  | Moadon Sport Ashdod

Hapoel Hadera FC, Hadera
  | Hapoel Hadera

Hapoel Ra'anana AFC, Ra'anana
  | H. Ra'anana | Hapoel Ra'anana
  | Hapoel Ra'anana FC


Maccabi Petah Tikva FC, Petah Tikva
  | Maccabi Petah Tikva
  | Macc. Petach Tikva

Hapoel Kfar-Saba FC
  | H. Kfar-Saba | Hapoel Kfar-Saba

Sektzia Nes Tziona FC,   Ness Ziona
  | Nes Tziona | Sektzia Nes Tziona
  | Sectzya Nes Ziona
  

Bnei Sakhnin FC,  Sakhnin
  | Bnei Sakhnin
FC Kafr Qasim, Kafr Qasim
  | SC Kfar Qasem
Hapoel Acre FC, Acre
  | Hapoel Acre  | Hapoel Akko
Hapoel Afula FC, Afula
  | Hapoel Afula
Hapoel Ashkelon FC, Ashkelon
  | Hapoel Ashkelon
Hapoel Bnei Lod FC,  Lod
  | Hapoel Bnei Lod
Hapoel Nof HaGalil FC, Nof HaGalil
  | Hapoel Nof HaGalil
Hapoel Petah Tikva FC, Petah Tikva
  | H. Petach Tikva | Hapoel Petah Tikva
Hapoel Ramat Gan Giv'atayim FC,  Ramat Gan
  | Hapoel Ramat Gan | H. Ramat Gan
Hapoel Ramat HaSharon FC,   Ramat HaSharon
  | Hapoel Ramat HaSharon | I. Ramat Hasharon
Hapoel Rishon LeZion FC, Rishon LeZion
  | Hap. Rishon LeZion | Hapoel Rishon LeZion | Hapoel Rishon Lezi
Hapoel Umm al-Fahm FC,   Umm al-Fahm   # in hebrew: Um el-Faḥem
  | Hapoel Umm al-Fahm
  | Hapoel Um el-Fahem
Maccabi Ahi Nazareth FC,   Nazareth
  | M. Ahi Nazareth | Maccabi Ahi Nazareth
