==============================
=  Ireland

Shamrock Rovers FC,                Dublin (Tallaght)         #  Tallaght, South Dublin
  | Shamrock | Shamrock Rovers | FC Shamrock Rovers
Bohemian FC,                     Dublin (Phibsborough)
  | Bohemians | Boh. Dublin
St Patrick's Athletic FC,        Dublin (Inchicore)
  | St Patrick's | St Patrick's Athletic
  | St. Patricks
  | Saint Patrick's Athletic FC
  | Saint Patrick's
University College Dublin AFC,  Dublin (Belfield)
  | UCD | UC Dublin
Shelbourne FC,                   Dublin (Drumcondra)
  | Shelbourne



Athlone Town AFC,    Athlone
  | Athlone | Athlone Town
Bray Wanderers FC,   Bray
  | Bray | Bray Wanderers
Cobh Ramblers FC,  Cobh
  | Cobh Ramblers
Cork City FC,        Cork
  | Cork | Cork City


Drogheda United FC,  Drogheda
  | Drogheda | Drogheda United
Dundalk FC,         Dundalk
  | Dundalk | FC Dundalk
Finn Harps FC,     Ballybofey
  | Finn Harps | FC Finn Harps
Galway United FC, Galway
  | Galway | Galway United
Limerick FC, Limerick
  | Limerick
Longford Town FC,  Longford
  | Longford | Longford Town
Mervue
Monaghan
Sligo Rovers FC,       Sligo
  | Sligo | Sligo Rovers | FC Sligo Rovers

Waterford FC,          Waterford
  | Waterford
  | Waterford United (1982-2016) | Waterford United FC (1982-2016)
## todo/fix: use/try new format e.g.
##  1982-2016  | Waterford United | Waterford United FC

Wexford FC,           Crossabeg
  | Wexford

Sporting Fingal FC
