=============================
=   Norway

Vålerenga Fotball,   Oslo
  | Vålerenga | Vålerenga IF
  | Vålerengen IF
KFUM-Kameratene Oslo,  Oslo
  | KFUM Oslo
Skeid Fotball,  Oslo
  | Skeid | Skeid FK
  | Skeid Oslo    # champs (1): 1967/68

Lyn Oslo,  Oslo
  | Lyn 1896 FK | FK Lyn     # champs (4): 1969/70 1966...1963 (3)
  | Lyn Fotball | Lyn 1896 Fotballklubb
  | FC Lyn Oslo



Rosenborg BK,  Trondheim
  | Rosenborg | Rosenborg Ballklub
Ranheim,       Trondheim
  | Ranheim Fotball | Ranheim IL

Moss FK,   Moss
  | Moss Fotballklubb    # champs (1): 1988/89


Molde FK,      Molde
  | Molde
Tromsø IL,    Tromsø
  | Tromsø | Tromsø Idrettslag
Aalesunds FK,   Ålesund
  | Aalesund | Aalesunds Fotballklubb

SK Brann,    Bergen
  | Brann | SK Brann Bergen

Strømsgodset IF,  Drammen
  | Strømsgodset | Strømsgodset Toppfotball
Fredrikstad FK,    Fredrikstad
  | Fredrikstad | Fredrikstad Fotballklubb
Lillestrøm SK,    Lillestrøm
  | Lillestrøm
  | Lilleström SK [de]     ## todo/fix: auto-generate variant (no) ø->ö
Viking FK,    Stavanger
  | Viking | Viking Fotballklubb | Viking Stavanger
Odds BK,  1894,  Skien
  | Odd | Odds Ballklubb
  | Odd Grenland
# known as Odd Grenland between 1994 and 2012

Sandefjord, Sandefjord
  | Sandefjord Fotball
Sandnes Ulf,  Sandnes
  | Sandnes

Sarpsborg 08,  Sarpsborg
  | Sarpsborg | Sarpsborg 08 FF | Sarpsborg 08 Fotballforening
  | Sarpsborg FK

Sogndal,  Sogndal
  | Sogndal Fotball | Sogndal IL
Stabæk,  Bærum
 | Stabæk Fotball | Stabæk IF
IK Start,  Kristiansand
  | Start | Idrettsklubben Start

Kristiansund BK, Kristiansund
  | Kristiansund | Kristiansund Ballklubb
Mjøndalen IF,   Mjøndalen
  | Mjøndalen
  | Mjöndalen [de]      ## todo/fix: auto-generate variant (no) ø->ö
Bodø/Glimt,   Bodø
  | FK Bodø/Glimt | Fotballklubben Bodø/Glimt
  | Bodö Glimt  [de]    ## check if ø=>ö transliteration is used in english too (or only german/de)?
FK Haugesund,   Haugesund
  | Haugesund | Fotballklubben Haugesund
Hønefoss BK,  Hønefoss
 | Hønefoss | Hønefoss Ballklubb
FK Jerv,   Grimstad
  | Jerv
Ullensaker/Kisa IL,   Ullensaker    ## locaction use Jessheim ???
  | Ull/Kisa | Ullensaker/Kisa

IL Hødd, 1919,  Ulsteinvik
  | Hødd | Idrettslaget Hødd
  | IL Hødd Fotball


Hamarkameratene,  Hamar
  | HamKam | Ham-Kam
Kongsvinger IL Toppfotball, Kongsvinger
  | Kongsvinger | Kongsvinger IL Fot
Nest-Sotra Fotball,  Sotra
  | Nest-Sotra
Notodden FK,  Notodden
  | Notodden
Raufoss IL, Raufoss
  | Raufoss
Strømmen IF, Strømmen
  | Strømmen
  | Strömmen IF [de]
Tromsdalen UIL,  Tromsdalen
  | Tromsdalen
Åsane Fotball, Åsane
  | Aasane Fotball [de]


Kongsvinger IL,  1892,    Kongsvinger
  | Kongsvinger | Kongsvinger IL Toppfotball

Bryne FK,  1926,   Bryne
   | Bryne Fotballklubb
