=====================================
=  Serbia


Red Star Belgrade, Belgrade
  | Crvena Zvezda | FK Crvena Zvezda
  | Red Star
  | FK Red Star Belgrade
  | Roter Stern B. [de]

FK Partizan Belgrade, Belgrade
  | Partizan | FK Partizan | Partizan Belgrade
  | Partizan Beograd
  | Partizan Belgrad [de]

OFK Beograd, 1911, Belgrade
  | Omladinski Fudbalski Klub Beograd

FK Rad Belgrade, Belgrade
  | FK Rad | Rad
  | FK Rad Beograd | Rad Beograd

FK Čukarički, 1926,   Belgrade (Čukarica)
  | Čukarički | Čukarički Belgrade


FK Bežanija,  1921,   Belgrade (New Belgrade)
  | Fudbalski Klub Bežanija

FK Obilić (1924-2015),  Belgrade
  | Obilić | Obilić Belgrade

FK Vojvodina,  Novi Sad
  | Vojvodina
  | Vojvodina Novi Sad | FK Vojvodina Novi Sad

FK Proleter Novi Sad,  1951, Novi Sad
  | Proleter Novi Sad


FK Spartak Zlatibor Voda

FK Sloboda Užice,     Užice
  | Sloboda Užice

FK Sevojno (1950-2010),   Užice (Sevojno)
  | FK Sloboda Sevojno
# July 2010 merged into FK Sloboda Užice


FK Jagodina
  | Jagodina

FK Borac Čačak, 1926,   Čačak
  | Borac Čačak | Fudbalski Klub Borac Čačak

FK Spartak Subotica
  | FC Spartak Subotica | Spartak Subotica
FK Radnicki Niš,   Niš
  | Radnicki Niš
FK Mladost Lučani
  | Mladost Lučani

Bačka Topola,  1913,   Bačka Topola
  | TSC Bačka Topola  | FK TSC Bačka Topola
  | Topolski Sportski Club

FK Napredak
  | Napredak | Napredak Krusevac
  | FK Napredak Krusevac
FK Voždovac
  | Voždovac
FK Indjija
  | Indjija | FK Inđija

FK Javor
  | Javor
FK Proleter
  | Proleter
FK Radnik Surdulica
  | Radnik Surdulica
Macva Sabac

FK Smederevo, 1924,  Smederevo
  | Smederevo
  | FK Smederevo 1924 | Fudbalski Klub Smederevo 1924
  | Sartid Smederevo

FK Banat Zrenjanin (2006-2016),   Zrenjanin
  | Banat Zrenjanin

FK Hajduk Kula (1925-2013),   Kula
  | Hajduk Kula


OFK Bečej 1918,  1918,  Bečej
  | FK Bečej
