====================================
=  Czech Republic


AC Sparta Praha, 1893, Praha       ## Prague [en]
  | Sparta Praha | Sparta Prague
  | Athletic Club Sparta Praha
  | AC Sparta Prague [en]
  | Sparta Prag [de]

FK Dukla Praha, 1958,  Praha
  | Dukla
  | Dukla Prague [en] | FK Dukla Prague [en]
  | FK Dukla Prag [de]
  | Dukla Praha     # champs (10): 1982/83 1979/80 1977/78 1966/67 1965....1961 (4) 1959..1957 (2)

SK Slavia Praha, 1892, Praha
  | Slavia Praha | Sportovní klub Slavia Praha
  | SK Slavia Prague [en] | Slavia Prague [en]
  | Slavia Prag [de] | SK Slavia Prag [de]

Bohemians Praha 1905, 1905, Praha
  | Bohemians 1905
  | Bohem. Prag 1905 [de]
  | FC Bohemians Prag 1905
  | Bohemians EKD Praha      # champs (1): 1983/84

FK Viktoria Žižkov, 1903, Praha (Žižkov)
  | Viktoria Žižkov


FK Mladá Boleslav, 1902, Mladá Boleslav   ## Central Bohemia
  | Mladá Boleslav | Fotbalový klub Mladá Boleslav

1. FK Příbram, 1928, Příbram     ## Central Bohemia
  | Příbram | FK Příbram

Viktoria Plzeň, 1911,  Plzeň      ## Plzeň
  | Plzeň | FC Viktoria Plzeň | Football Club Viktoria Plzeň
  | Vikt. Pilsen [de] | Viktoria Pilsen [de]

FC Slovan Liberec, 1958,  Liberec    ## Liberec
  | Liberec | Slovan Liberec
  | Football Club Slovan Liberec

FK Jablonec, 1945, Jablonec nad Nisou     ## Liberec
  | Jablonec
  | FK Baumit Jablonec      ## check - $$$ Baumit is a sponsor?

FC Baník Ostrava, 1922,  Ostrava      ## Moravian-Silesian
  | Baník | Baník Ostrava

SK Sigma Olomouc, 1919, Olomouc     ## Olomouc
  | Sigma | Sigma Olomouc
  | SK Sigma Olmütz [de]

FK Teplice, 1945, Teplice     ## Ústí nad Labem
  | Teplice

1. FC Slovácko, 1927,  Uherské Hradiště    ## Zlín
  | Slovácko

FC Zlín, 1919,   Zlín     ## Zlín
  | Zlín | FC Fastav Zlín |Fastav Zlín

FC Vysočina Jihlava, 1948,  Jihlava  ## Vysočina
  | Jihlava | FC Jihlava
  | Vysočina Jihlava

FC Zbrojovka Brno, 1913,   Brno     ## South Moravia
  | Brno | Zbrojovka Brno

FC LeRK Brno  (1910-1995),  Brno
  | Spartak Brno KPS


MFK Karviná
  | Karviná

SFC Opava
  | Opava

SK Dynamo České Budějovice
  | České Budĕjov. | České Budějovice
  | SK Dynamo Budweis [de]

FK Ústí nad Labem, Ústí nad Labem
  | Ústí nad Labem

FC Hradec Králové, Hradec Králové
  | Hradec Králové
  | DSO Spartak Hradec Králové    # champs (1): 1960/61

MFK Vítkovice,  1919,  Ostrava (Vítkovice)
  | Městský fotbalový klub Vítkovice
  | TJ Vítkovice    # champs (1): 1986/87
# founded in 1919 as FC Vítkovice,
# announced bankruptcy in 2011 and transformed to MFK Vítkovice


1. SC Znojmo FK,   Znojmo
  | Znojmo

SK Kladno,  Kladno
  | Kladno | Sportovní Klub Kladno


FK Drnovice (1932-2006), Drnovice
  | 1. FK Drnovice
  | Petra Drnovice

