====================================
=  Romania

Steaua București,        București
  | Steaua | Steaua Bucuresti | FC Steaua Bucuresti | FC Steaua București
  | FCSB
  | FCS Bukarest [de]
  | CCA București     # champs (2): 1961/62 1957/58

Dinamo București,  1948,       București
  | Din. Bucuresti | Dinamo Bucuresti | FC Dinamo București
  | FC Dinamo Bucureşti | Dinamo Bucureşti
  | FC Dinamo 1948
  | Dinamo Bukarest [de]

Rapid București,   1923,      București
  | FC Rapid Bucuresti | FC Rapid București | Rapid Bucureşti
  | Fotbal Club Rapid 1923 | FC Rapid 1923
  | Rapid Bukarest [de]

Daco-Getica București,   București
  | Daco-Getica Bucuresti | Asociația Sport Club Daco-Getica București
## From 1992 to the summer of 2018, the team was known as Juventus București

Sportul Studenţesc Bucureşti, 1916,  București
  | Sportul | Sportul Studenţesc
  | FC Sportul Studenţesc | FC Sportul Studenţesc Bucureşti

AS Progresul București,   1944,  București
  | Progresul | Progresul București
  | FC Progresul București | Fotbal Club Progresul București
  | Naţional Bucureşti | FC Naţional Bucureşti
# The team was founded in 1944 as B.N.R. București,
#   being the team of the National Bank of Romania (B.N.R.)


Victoria București (1949-1990),  București


CFR Cluj,     Cluj
  | CFR 1907 Cluj | FC CFR Cluj | FC CFR 1907 Cluj
U Cluj,       Cluj
  | U. Cluj  | Universitatea Cluj | FC Univ. Cluj | FC Universitatea Cluj

Astra Giurgiu,   Giurgiu
  | Astra | FC Astra Giurgiu
  | AFC Astra Giurgiu
Ceahlăul Piatra Neamț,  Piatra Neamț
  | Ceahlaul | Ceahlaul Piatra Neamt | CSM Ceahlăul Piatra Neamț
Concordia Chiajna,   Chiajna
  | Concordia | CS Concordia Chiajna
FC Vaslui,   Vaslui
  | Vaslui
Gaz Metan Mediaș,   Mediaș
  | Gaz Metan | Gaz Metan Medias
  | CS Gaz Metan Mediaș
  | CS Gaz Metan Mediaş  ## todo/check: unaccent ro - auto-generate with cedilla from with ...

Gloria Bistrița,    Bistrița
  | Bistrita | Gloria Bistrita
  | ACF Gloria 1922 Bistriţa


FC Petrolul Ploiești, Ploiești
  | Petrolul | Petrolul Ploiesti | Petrolul Ploiești | FC Petrolul Ploieşti

FC Viitorul Constanța,   Ovidiu
  | Viitorul | FC Viitorul | Viitorul Constanța

Corona Brașov (2010-2014),   Brașov
 | ASC Corona 2010 Brașov
 | Asociatia Sport Club Corona Brașov

FC Brașov,  1936, Brașov
 | SR Brașov | Steagul Rosu Brașov
 | AS SR Brașov | Asociația Sportivă SR Brașov


Dunărea Călărași,   Călărași
  | Călărași
  | AFC Dunărea 2005 | Asociația Fotbal Club Dunărea 2005 Călărași
  | FC Dunărea Călărași

Chindia Târgoviște, 2010,  Târgoviște
  | AFC Chindia Târgoviște


CS Turnu Severin,    Drobeta-Turnu Severin
  | Clubul Sportiv Turnu Severin
FC Severin,         Drobeta-Turnu Severin
  | FC Drobeta-Turnu Severin

AFC Turris-Oltul,  1965,  Turnu Măgurele
  | AFC Turris-Oltul Turnu Măgurele
  | Turris Turnu Măgurele | Turris-Oltul Turnu Măgurele

FC Botoșani, Botoșani
  | Botoşani | FC Botoşani | Fotbal Club Botoșani

FC Hermannstadt,   Hermannstadt
  | Hermannstadt | AFC Hermannstadt

Săgeata Năvodari, Năvodari
  | Năvodari | AFC Săgeata Năvodari

Oțelul Galați,  Galați
  | Oţelul | Oțelul | ASC Oțelul Galați
  | FC Oțelul Galați

Pandurii Târgu Jiu,  Târgu Jiu
  | Pandurii | Pandurii Tg Jiu | CS Pandurii Târgu Jiu


FC Politehnica Iași,   Iași
  | Poli Iasi | Poli Iași | Politehnica Iași
  | CSMS Iasi | CSM Politehnica Iași     ## check - older name?
  | CSM Politehnica Iaşi   ## todo/check: unaccent ro - auto-generate with cedilla from with ...
  | Politehnica Iaşi
  ##  | CSMS laşi     -- todo/check: typo?  l is a small letter l ?

Poli Timișoara, Timișoara
  | Timişoara | ACS Poli Timișoara
  | FC Politehnica Timișoara     # champs (1): 2009/10
  | Politehnica Timișoara
  | FC Timișoara

Sepsi Sfântu Gheorghe,   Sfântu Gheorghe
  | Sepsi | Sepsi Sf. Gheorghe | Sepsi OSK

ASA Târgu Mureș (2008-2018),    Târgu Mureș
  | Târgu Mureș | ASA Târgu Mureş | Târgu Mureş
  | ASA Tîrgu Mureş
  | FCM Târgu Mureş
# in 2008 founded as FCM Târgu Mureș
# In 2013, the club changed its name from
# Fotbal Club Municipal (FCM) to Asociația Sportivă Ardealul (ASA).


Universitatea Craiova,    Craiova
  | U Craiova | CS U Craiova | CS Uni Craiova | U Craiova 1948 CS | CS Universitatea Craiova
  | U Craiova 1948 Club Sportiv
  | Univ. Craiova
  | FC Universitatea Craiova   # champs (4): 1991/92 1982..1980 (2) 1974/75


UTA Arad,   Arad
  | FC UTA Arad | Fotbal Club UTA Arad
  | FCM UTA Arad
  | UT Arad    # champs (2): 1971..1969 (2)


FC Voluntari,  Voluntari
  | Voluntari
  | CS Voluntari
  | FC FC Voluntari       ## typo: misspelled in football data.uk csv source

FC Academica Clinceni, 2005,  Clinceni
  | Academica Clinceni | Fotbal Club Academica Clinceni
  | FC Academica Clinc

CS Mioveni, 2000, Mioveni
  | Mioveni

CSM Flacăra Moreni,  1922,   Moreni
  | Flacăra | Flacăra Moreni
  | CS Flacăra Moreni
  | Club Sportiv Municipal Flacăra Moreni

FC Argeș Pitești, Pitești
  | Argeș | Argeș Pitești


CS Minaur Baia Mare, 1948,  Baia Mare
  | Baia Mare | Minaur Baia Mare
  | FC Baia Mare


CSM Jiul Petroșani, 1919,   Petroșani
  | Jiul Petroșani | CS Jiul Petroșani
  | Clubul Sportiv Municipal Jiul Petroșani

FCM Bacău,  1950,   Bacău
  | FCM 1950 Bacău | ASS FCM 1950 Bacău


Chimia Râmnicu Vâlcea (1946-2004),  Râmnicu Vâlcea
  | Chimia Rimnicu Vilcea
  | CS Chimia Râmnicu Vâlcea
  | FC Râmnicu Vâlcea

Unirea Urziceni (1954-2017), Urziceni   # champs (2): 2011..2009 (2)
  | FC Unirea | FC Unirea Urziceni

FC Corvinul Hunedoara (1921-2004),  Hunedoara
  | Corvinul Hunedoara

FC Extensiv Craiova (1949-2013),    Caracal
  | Fotbal Club Extensiv Craiova
  | FC Caracal

