==========================
=  Peru

Alianza Lima,     Lima
  | Club Alianza Lima
Sporting Cristal,  Lima
  | Club Sporting Cristal
  | CS Cristal | Cristal
Deportivo Municipal,  Lima
  | Dep. Municipal
Club Deportivo Universidad de San Martín de Porres, Lima
  | Univ. San Martín | Universidad San Martín
Club Universitario de Deportes, Lima
  | Universitario | Universitario Dep.


Juan Aurich,      Chiclayo
  | Club Juan Aurich S.A
Molinos El Pirata, Chiclayo


Sport Huancayo,   Huancayo
  | CSD Sport Huancayo

Alianza Universidad,  Huánuco
  | Ali. Univ. Huánuco


Real Garcilaso,   Cusco
  | Asociación Civil Real Atlético Garcilaso

Deportivo Garcilaso,  Cusco
  | Dep. Garcilaso
  | Club Deportivo Garcilaso


Universidad César Vallejo, Trujillo
  | César Vallejo | Club Deportivo Universidad César Vallejo
Carlos A. Mannucci,    Trujillo
  | Carlos Mannucci

Ayacucho FC,          Ayacucho
  | Ayacucho

Escuela Municipal Binacional,  Juliaca
  | Binacional

Academia Cantolao,       Callao
  | Cantolao
Sport Boys,             Callao
  | Sport Boys Assoc.

FBC Melgar, Arequipa
  | Melgar

Unión Comercio, Nueva Cajamarca

Universidad Técnica de Cajamarca, Cajamarca
  | UTC | UTC de Cajamarca


Club Atlético Grau, 1919,  Piura
  | Atlético Grau


Alianza Atlético,  1920,     Sullana
  | Club Alianza Atlético de Sullana
  | Club Sport Alianza Atlético de Sullana


Los Chankas,  1989, Andahuaylas
  | Club Deportivo Los Chankas
  | Los Chankas CY
  | Club Deportivo Los Chankas CYC # or Club Deportivo Los Chankas - CYC
  | Cultural Santa Rosa    # known as until 2021


Comerciantes Unidos,   2002,  Cutervo
  | Club Deportivo Comerciantes Unidos
  | Comerciantes Uni
  | Asociación Social Deportiva y Cultural Comerciantes Unidos


ADT Tarma, Tarma
  | Asociación Deportiva Tarma
  | ADT